tempo,frequencia,potencia,temperatura,carga
0,3.6,470.946,26.5698,100
0.05,3.6,470.946,28.0873,100
0.1,3.6,470.946,29.5542,100
0.15,3.6,470.946,30.9722,100
0.2,3.6,470.946,32.343,100
0.25,3.6,470.946,33.668,100
0.3,3.6,470.946,34.9489,100
0.35,3.6,470.946,36.1871,100
0.4,3.6,470.946,37.384,100
0.45,3.6,470.946,38.541,100
0.5,3.6,470.946,39.6595,100
0.55,3.6,470.946,40.7407,100
0.6,3.6,470.946,41.7858,100
0.65,3.6,470.946,42.7961,100
0.7,3.6,470.946,43.7727,100
0.75,3.6,470.946,44.7168,100
0.8,3.6,470.946,45.6294,100
0.85,3.6,470.946,46.5115,100
0.9,3.6,470.946,47.3643,100
0.95,3.6,470.946,48.1886,100
1,3.6,470.946,48.9855,100
1.05,3.6,470.946,49.7558,100
1.1,3.6,470.946,50.5004,100
1.15,3.6,470.946,51.2202,100
1.2,3.6,470.946,51.9161,100
1.25,3.6,470.946,52.5887,100
1.3,3.6,470.946,53.2389,100
1.35,3.6,470.946,53.8674,100
1.4,3.6,470.946,54.475,100
1.45,3.6,470.946,55.0623,100
1.5,3.6,470.946,55.63,100
1.55,3.6,470.946,56.1788,100
1.6,3.6,470.946,56.7094,100
1.65,3.6,470.946,57.2222,100
1.7,3.6,470.946,57.718,100
1.75,3.6,470.946,58.1972,100
1.8,3.6,470.946,58.6604,100
1.85,3.6,470.946,59.1082,100
1.9,3.6,470.946,59.5411,100
1.95,3.6,470.946,59.9596,100
2,3.6,470.946,60.3641,100
2.05,3.6,470.946,60.7551,100
2.1,3.6,470.946,61.1331,100
2.15,3.6,470.946,61.4984,100
2.2,3.6,470.946,61.8516,100
2.25,3.6,470.946,62.1931,100
2.3,3.6,470.946,62.5231,100
2.35,3.6,470.946,62.8422,100
2.4,3.6,470.946,63.1506,100
2.45,3.6,470.946,63.4487,100
2.5,3.6,470.946,63.7369,100
2.55,3.6,470.946,64.0155,100
2.6,3.6,470.946,64.2848,100
2.65,3.6,470.946,64.5451,100
2.7,3.6,470.946,64.7968,100
2.75,3.6,470.946,65.04,100
2.8,3.6,470.946,65.2752,100
2.85,3.6,470.946,65.5025,100
2.9,3.6,470.946,65.7222,100
2.95,3.6,470.946,65.9347,100
3,3.6,470.946,66.14,100
3.05,3.6,470.946,66.3385,100
3.1,3.6,470.946,66.5303,100
3.15,3.6,470.946,66.7158,100
3.2,3.6,470.946,66.8951,100
3.25,3.6,470.946,67.0684,100
3.3,3.6,470.946,67.236,100
3.35,3.6,470.946,67.3979,100
3.4,3.6,470.946,67.5545,100
3.45,3.6,470.946,67.7058,100
3.5,3.6,470.946,67.8521,100
3.55,3.6,470.946,67.9935,100
3.6,3.6,470.946,68.1302,100
3.65,3.6,470.946,68.2624,100
3.7,3.6,470.946,68.3901,100
3.75,3.6,470.946,68.5136,100
3.8,3.6,470.946,68.633,100
3.85,3.6,470.946,68.7483,100
3.9,3.6,470.946,68.8599,100
3.95,3.6,470.946,68.9677,100
4,3.6,470.946,69.0719,100
4.05,3.6,470.946,69.1727,100
4.1,3.6,470.946,69.2701,100
4.15,3.6,470.946,69.3642,100
4.2,3.6,470.946,69.4553,100
4.25,3.6,470.946,69.5432,100
4.3,3.6,470.946,69.6283,100
4.35,3.6,470.946,69.7105,100
4.4,3.6,470.946,69.79,100
4.45,3.6,470.946,69.8668,100
4.5,3.6,470.946,69.941,100
4.55,3.6,470.946,70.0128,100
4.6,3.6,470.946,70.0822,100
4.65,3.6,470.946,70.1493,100
4.7,3.6,470.946,70.2141,100
4.75,3.6,470.946,70.2768,100
4.8,3.6,470.946,70.3374,100
4.85,3.6,470.946,70.396,100
4.9,3.6,470.946,70.4526,100
4.95,3.6,470.946,70.5073,100
5,3.6,470.946,70.5602,100
5.05,3.6,470.946,70.6114,100
5.1,3.6,470.946,70.6608,100
5.15,3.6,470.946,70.7086,100
5.2,3.6,470.946,70.7548,100
5.25,3.6,470.946,70.7995,100
5.3,3.6,470.946,70.8426,100
5.35,3.6,470.946,70.8844,100
5.4,3.6,470.946,70.9247,100
5.45,3.6,470.946,70.9637,100
5.5,3.6,470.946,71.0014,100
5.55,3.6,470.946,71.0378,100
5.6,3.6,470.946,71.0731,100
5.65,3.6,470.946,71.1071,100
5.7,3.6,470.946,71.14,100
5.75,3.6,470.946,71.1719,100
5.8,3.6,470.946,71.2026,100
5.85,3.6,470.946,71.2323,100
5.9,3.6,470.946,71.2611,100
5.95,3.6,470.946,71.2889,100
6,3.6,470.946,71.3157,100
6.05,3.6,470.946,71.3417,100
6.1,3.6,470.946,71.3668,100
6.15,3.6,470.946,71.391,100
6.2,3.6,470.946,71.4145,100
6.25,3.6,470.946,71.4372,100
6.3,3.6,470.946,71.4591,100
6.35,3.6,470.946,71.4803,100
6.4,3.6,470.946,71.5007,100
6.45,3.6,470.946,71.5205,100
6.5,3.6,470.946,71.5397,100
6.55,3.6,470.946,71.5582,100
6.6,3.6,470.946,71.576,100
6.65,3.6,470.946,71.5933,100
6.7,3.6,470.946,71.61,100
6.75,3.6,470.946,71.6262,100
6.8,3.6,470.946,71.6418,100
6.85,3.6,470.946,71.6569,100
6.9,3.6,470.946,71.6715,100
6.95,3.6,470.946,71.6856,100
7,3.6,470.946,71.6992,100
7.05,3.6,470.946,71.7124,100
7.1,3.6,470.946,71.7251,100
7.15,3.6,470.946,71.7375,100
7.2,3.6,470.946,71.7494,100
7.25,3.6,470.946,71.7609,100
7.3,3.6,470.946,71.772,100
7.35,3.6,470.946,71.7827,100
7.4,3.6,470.946,71.7931,100
7.45,3.6,470.946,71.8032,100
7.5,3.6,470.946,71.8129,100
7.55,3.6,470.946,71.8223,100
7.6,3.6,470.946,71.8314,100
7.65,3.6,470.946,71.8401,100
7.7,3.6,470.946,71.8486,100
7.75,3.6,470.946,71.8568,100
7.8,3.6,470.946,71.8647,100
7.85,3.6,470.946,71.8724,100
7.9,3.6,470.946,71.8798,100
7.95,3.6,470.946,71.887,100
8,3.6,470.946,71.8939,100
8.05,3.6,470.946,71.9006,100
8.1,3.6,470.946,71.907,100
8.15,3.6,470.946,71.9133,100
8.2,3.6,470.946,71.9193,100
8.25,3.6,470.946,71.9252,100
8.3,3.6,470.946,71.9308,100
8.35,3.6,470.946,71.9363,100
8.4,3.6,470.946,71.9416,100
8.45,3.6,470.946,71.9467,100
8.5,3.6,470.946,71.9516,100
8.55,3.6,470.946,71.9564,100
8.6,3.6,470.946,71.961,100
8.65,3.6,470.946,71.9654,100
8.7,3.6,470.946,71.9697,100
8.75,3.6,470.946,71.9739,100
8.8,3.6,470.946,71.9779,100
8.85,3.6,470.946,71.9818,100
8.9,3.6,470.946,71.9856,100
8.95,3.6,470.946,71.9892,100
9,3.6,470.946,71.9927,100
9.05,3.6,470.946,71.9961,100
9.1,3.6,470.946,71.9994,100
9.15,3.6,470.946,72.0026,100
9.2,3.6,470.946,72.0056,100
9.25,3.6,470.946,72.0086,100
9.3,3.6,470.946,72.0115,100
9.35,3.6,470.946,72.0142,100
9.4,3.6,470.946,72.0169,100
9.45,3.6,470.946,72.0195,100
9.5,3.6,470.946,72.022,100
9.55,3.6,470.946,72.0244,100
9.6,3.6,470.946,72.0268,100
9.65,3.6,470.946,72.029,100
9.7,3.6,470.946,72.0312,100
9.75,3.6,470.946,72.0333,100
9.8,3.6,470.946,72.0354,100
9.85,3.6,470.946,72.0373,100
9.9,3.6,470.946,72.0392,100
9.95,3.6,470.946,72.0411,100
10,3.6,470.946,72.0429,100
10.05,3.6,470.946,72.0446,100
10.1,3.6,470.946,72.0463,100
10.15,3.6,470.946,72.0479,100
10.2,3.6,470.946,72.0494,100
10.25,3.6,470.946,72.0509,100
10.3,3.6,470.946,72.0524,100
10.35,3.6,470.946,72.0538,100
10.4,3.6,470.946,72.0552,100
10.45,3.6,470.946,72.0565,100
10.5,3.6,470.946,72.0577,100
10.55,3.6,470.946,72.059,100
10.6,3.6,470.946,72.0602,100
10.65,3.6,470.946,72.0613,100
10.7,3.6,470.946,72.0624,100
10.75,3.6,470.946,72.0635,100
10.8,3.6,470.946,72.0645,100
10.85,3.6,470.946,72.0655,100
10.9,3.6,470.946,72.0665,100
10.95,3.6,470.946,72.0674,100
11,3.6,470.946,72.0683,100
11.05,3.6,470.946,72.0692,100
11.1,3.6,470.946,72.0701,100
11.15,3.6,470.946,72.0709,100
11.2,3.6,470.946,72.0717,100
11.25,3.6,470.946,72.0724,100
11.3,3.6,470.946,72.0732,100
11.35,3.6,470.946,72.0739,100
11.4,3.6,470.946,72.0746,100
11.45,3.6,470.946,72.0752,100
11.5,3.6,470.946,72.0759,100
11.55,3.6,470.946,72.0765,100
11.6,3.6,470.946,72.0771,100
11.65,3.6,470.946,72.0777,100
11.7,3.6,470.946,72.0783,100
11.75,3.6,470.946,72.0788,100
11.8,3.6,470.946,72.0793,100
11.85,3.6,470.946,72.0798,100
11.9,3.6,470.946,72.0803,100
11.95,3.6,470.946,72.0808,100
12,3.6,470.946,72.0813,100
12.05,3.6,470.946,72.0817,100
12.1,3.6,470.946,72.0821,100
12.15,3.6,470.946,72.0825,100
12.2,3.6,470.946,72.0829,100
12.25,3.6,470.946,72.0833,100
12.3,3.6,470.946,72.0837,100
12.35,3.6,470.946,72.0841,100
12.4,3.6,470.946,72.0844,100
12.45,3.6,470.946,72.0848,100
12.5,3.6,470.946,72.0851,100
12.55,3.6,470.946,72.0854,100
12.6,3.6,470.946,72.0857,100
12.65,3.6,470.946,72.086,100
12.7,3.6,470.946,72.0863,100
12.75,3.6,470.946,72.0866,100
12.8,3.6,470.946,72.0868,100
12.85,3.6,470.946,72.0871,100
12.9,3.6,470.946,72.0873,100
12.95,3.6,470.946,72.0876,100
13,3.6,470.946,72.0878,100
13.05,3.6,470.946,72.088,100
13.1,3.6,470.946,72.0883,100
13.15,3.6,470.946,72.0885,100
13.2,3.6,470.946,72.0887,100
13.25,3.6,470.946,72.0889,100
13.3,3.6,470.946,72.0891,100
13.35,3.6,470.946,72.0892,100
13.4,3.6,470.946,72.0894,100
13.45,3.6,470.946,72.0896,100
13.5,3.6,470.946,72.0898,100
13.55,3.6,470.946,72.0899,100
13.6,3.6,470.946,72.0901,100
13.65,3.6,470.946,72.0902,100
13.7,3.6,470.946,72.0904,100
13.75,3.6,470.946,72.0905,100
13.8,3.6,470.946,72.0907,100
13.85,3.6,470.946,72.0908,100
13.9,3.6,470.946,72.0909,100
13.95,3.6,470.946,72.091,100
14,3.6,470.946,72.0912,100
14.05,3.6,470.946,72.0913,100
14.1,3.6,470.946,72.0914,100
14.15,3.6,470.946,72.0915,100
14.2,3.6,470.946,72.0916,100
14.25,3.6,470.946,72.0917,100
14.3,3.6,470.946,72.0918,100
14.35,3.6,470.946,72.0919,100
14.4,3.6,470.946,72.092,100
14.45,3.6,470.946,72.0921,100
14.5,3.6,470.946,72.0921,100
14.55,3.6,470.946,72.0922,100
14.6,3.6,470.946,72.0923,100
14.65,3.6,470.946,72.0924,100
14.7,3.6,470.946,72.0924,100
14.75,3.6,470.946,72.0925,100
14.8,3.6,470.946,72.0926,100
14.85,3.6,470.946,72.0927,100
14.9,3.6,470.946,72.0927,100
14.95,3.6,470.946,72.0928,100
15,3.6,470.946,72.0928,100
15.05,3.6,470.946,72.0929,100
15.1,3.6,470.946,72.093,100
15.15,3.6,470.946,72.093,100
15.2,3.6,470.946,72.0931,100
15.25,3.6,470.946,72.0931,100
15.3,3.6,470.946,72.0932,100
15.35,3.6,470.946,72.0932,100
15.4,3.6,470.946,72.0933,100
15.45,3.6,470.946,72.0933,100
15.5,3.6,470.946,72.0933,100
15.55,3.6,470.946,72.0934,100
15.6,3.6,470.946,72.0934,100
15.65,3.6,470.946,72.0935,100
15.7,3.6,470.946,72.0935,100
15.75,3.6,470.946,72.0935,100
15.8,3.6,470.946,72.0936,100
15.85,3.6,470.946,72.0936,100
15.9,3.6,470.946,72.0936,100
15.95,3.6,470.946,72.0937,100
16,3.6,470.946,72.0937,100
16.05,3.6,470.946,72.0937,100
16.1,3.6,470.946,72.0938,100
16.15,3.6,470.946,72.0938,100
16.2,3.6,470.946,72.0938,100
16.25,3.6,470.946,72.0938,100
16.3,3.6,470.946,72.0939,100
16.35,3.6,470.946,72.0939,100
16.4,3.6,470.946,72.0939,100
16.45,3.6,470.946,72.0939,100
16.5,3.6,470.946,72.094,100
16.55,3.6,470.946,72.094,100
16.6,3.6,470.946,72.094,100
16.65,3.6,470.946,72.094,100
16.7,3.6,470.946,72.094,100
16.75,3.6,470.946,72.0941,100
16.8,3.6,470.946,72.0941,100
16.85,3.6,470.946,72.0941,100
16.9,3.6,470.946,72.0941,100
16.95,3.6,470.946,72.0941,100
17,3.6,470.946,72.0941,100
17.05,3.6,470.946,72.0941,100
17.1,3.6,470.946,72.0942,100
17.15,3.6,470.946,72.0942,100
17.2,3.6,470.946,72.0942,100
17.25,3.6,470.946,72.0942,100
17.3,3.6,470.946,72.0942,100
17.35,3.6,470.946,72.0942,100
17.4,3.6,470.946,72.0942,100
17.45,3.6,470.946,72.0943,100
17.5,3.6,470.946,72.0943,100
17.55,3.6,470.946,72.0943,100
17.6,3.6,470.946,72.0943,100
17.65,3.6,470.946,72.0943,100
17.7,3.6,470.946,72.0943,100
17.75,3.6,470.946,72.0943,100
17.8,3.6,470.946,72.0943,100
17.85,3.6,470.946,72.0943,100
17.9,3.6,470.946,72.0943,100
17.95,3.6,470.946,72.0943,100
18,3.6,470.946,72.0944,100
18.05,3.6,470.946,72.0944,100
18.1,3.6,470.946,72.0944,100
18.15,3.6,470.946,72.0944,100
18.2,3.6,470.946,72.0944,100
18.25,3.6,470.946,72.0944,100
18.3,3.6,470.946,72.0944,100
18.35,3.6,470.946,72.0944,100
18.4,3.6,470.946,72.0944,100
18.45,3.6,470.946,72.0944,100
18.5,3.6,470.946,72.0944,100
18.55,3.6,470.946,72.0944,100
18.6,3.6,470.946,72.0944,100
18.65,3.6,470.946,72.0944,100
18.7,3.6,470.946,72.0944,100
18.75,3.6,470.946,72.0944,100
18.8,3.6,470.946,72.0945,100
18.85,3.6,470.946,72.0945,100
18.9,3.6,470.946,72.0945,100
18.95,3.6,470.946,72.0945,100
19,3.6,470.946,72.0945,100
19.05,3.6,470.946,72.0945,100
19.1,3.6,470.946,72.0945,100
19.15,3.6,470.946,72.0945,100
19.2,3.6,470.946,72.0945,100
19.25,3.6,470.946,72.0945,100
19.3,3.6,470.946,72.0945,100
19.35,3.6,470.946,72.0945,100
19.4,3.6,470.946,72.0945,100
19.45,3.6,470.946,72.0945,100
19.5,3.6,470.946,72.0945,100
19.55,3.6,470.946,72.0945,100
19.6,3.6,470.946,72.0945,100
19.65,3.6,470.946,72.0945,100
19.7,3.6,470.946,72.0945,100
19.75,3.6,470.946,72.0945,100
19.8,3.6,470.946,72.0945,100
19.85,3.6,470.946,72.0945,100
19.9,3.6,470.946,72.0945,100
19.95,3.6,470.946,72.0945,100
20,3.6,470.946,72.0945,100
20.05,3.6,470.946,72.0945,100
20.1,3.6,470.946,72.0945,100
20.15,3.6,470.946,72.0945,100
20.2,3.6,470.946,72.0945,100
20.25,3.6,470.946,72.0945,100
20.3,3.6,470.946,72.0945,100
20.35,3.6,470.946,72.0945,100
20.4,3.6,470.946,72.0945,100
20.45,3.6,470.946,72.0945,100
20.5,3.6,470.946,72.0945,100
20.55,3.6,470.946,72.0945,100
20.6,3.6,470.946,72.0945,100
20.65,3.6,470.946,72.0945,100
20.7,3.6,470.946,72.0945,100
20.75,3.6,470.946,72.0945,100
20.8,3.6,470.946,72.0945,100
20.85,3.6,470.946,72.0946,100
20.9,3.6,470.946,72.0946,100
20.95,3.6,470.946,72.0946,100
21,3.6,470.946,72.0946,100
21.05,3.6,470.946,72.0946,100
21.1,3.6,470.946,72.0946,100
21.15,3.6,470.946,72.0946,100
21.2,3.6,470.946,72.0946,100
21.25,3.6,470.946,72.0946,100
21.3,3.6,470.946,72.0946,100
21.35,3.6,470.946,72.0946,100
21.4,3.6,470.946,72.0946,100
21.45,3.6,470.946,72.0946,100
21.5,3.6,470.946,72.0946,100
21.55,3.6,470.946,72.0946,100
21.6,3.6,470.946,72.0946,100
21.65,3.6,470.946,72.0946,100
21.7,3.6,470.946,72.0946,100
21.75,3.6,470.946,72.0946,100
21.8,3.6,470.946,72.0946,100
21.85,3.6,470.946,72.0946,100
21.9,3.6,470.946,72.0946,100
21.95,3.6,470.946,72.0946,100
22,3.6,470.946,72.0946,100
22.05,3.6,470.946,72.0946,100
22.1,3.6,470.946,72.0946,100
22.15,3.6,470.946,72.0946,100
22.2,3.6,470.946,72.0946,100
22.25,3.6,470.946,72.0946,100
22.3,3.6,470.946,72.0946,100
22.35,3.6,470.946,72.0946,100
22.4,3.6,470.946,72.0946,100
22.45,3.6,470.946,72.0946,100
22.5,3.6,470.946,72.0946,100
22.55,3.6,470.946,72.0946,100
22.6,3.6,470.946,72.0946,100
22.65,3.6,470.946,72.0946,100
22.7,3.6,470.946,72.0946,100
22.75,3.6,470.946,72.0946,100
22.8,3.6,470.946,72.0946,100
22.85,3.6,470.946,72.0946,100
22.9,3.6,470.946,72.0946,100
22.95,3.6,470.946,72.0946,100
23,3.6,470.946,72.0946,100
23.05,3.6,470.946,72.0946,100
23.1,3.6,470.946,72.0946,100
23.15,3.6,470.946,72.0946,100
23.2,3.6,470.946,72.0946,100
23.25,3.6,470.946,72.0946,100
23.3,3.6,470.946,72.0946,100
23.35,3.6,470.946,72.0946,100
23.4,3.6,470.946,72.0946,100
23.45,3.6,470.946,72.0946,100
23.5,3.6,470.946,72.0946,100
23.55,3.6,470.946,72.0946,100
23.6,3.6,470.946,72.0946,100
23.65,3.6,470.946,72.0946,100
23.7,3.6,470.946,72.0946,100
23.75,3.6,470.946,72.0946,100
23.8,3.6,470.946,72.0946,100
23.85,3.6,470.946,72.0946,100
23.9,3.6,470.946,72.0946,100
23.95,3.6,470.946,72.0946,100
24,3.6,470.946,72.0946,100
24.05,3.6,470.946,72.0946,100
24.1,3.6,470.946,72.0946,100
24.15,3.6,470.946,72.0946,100
24.2,3.6,470.946,72.0946,100
24.25,3.6,470.946,72.0946,100
24.3,3.6,470.946,72.0946,100
24.35,3.6,470.946,72.0946,100
24.4,3.6,470.946,72.0946,100
24.45,3.6,470.946,72.0946,100
24.5,3.6,470.946,72.0946,100
24.55,3.6,470.946,72.0946,100
24.6,3.6,470.946,72.0946,100
24.65,3.6,470.946,72.0946,100
24.7,3.6,470.946,72.0946,100
24.75,3.6,470.946,72.0946,100
24.8,3.6,470.946,72.0946,100
24.85,3.6,470.946,72.0946,100
24.9,3.6,470.946,72.0946,100
24.95,3.6,470.946,72.0946,100
25,3.6,470.946,72.0946,100
25.05,3.6,470.946,72.0946,100
25.1,3.6,470.946,72.0946,100
25.15,3.6,470.946,72.0946,100
25.2,3.6,470.946,72.0946,100
25.25,3.6,470.946,72.0946,100
25.3,3.6,470.946,72.0946,100
25.35,3.6,470.946,72.0946,100
25.4,3.6,470.946,72.0946,100
25.45,3.6,470.946,72.0946,100
25.5,3.6,470.946,72.0946,100
25.55,3.6,470.946,72.0946,100
25.6,3.6,470.946,72.0946,100
25.65,3.6,470.946,72.0946,100
25.7,3.6,470.946,72.0946,100
25.75,3.6,470.946,72.0946,100
25.8,3.6,470.946,72.0946,100
25.85,3.6,470.946,72.0946,100
25.9,3.6,470.946,72.0946,100
25.95,3.6,470.946,72.0946,100
26,3.6,470.946,72.0946,100
26.05,3.6,470.946,72.0946,100
26.1,3.6,470.946,72.0946,100
26.15,3.6,470.946,72.0946,100
26.2,3.6,470.946,72.0946,100
26.25,3.6,470.946,72.0946,100
26.3,3.6,470.946,72.0946,100
26.35,3.6,470.946,72.0946,100
26.4,3.6,470.946,72.0946,100
26.45,3.6,470.946,72.0946,100
26.5,3.6,470.946,72.0946,100
26.55,3.6,470.946,72.0946,100
26.6,3.6,470.946,72.0946,100
26.65,3.6,470.946,72.0946,100
26.7,3.6,470.946,72.0946,100
26.75,3.6,470.946,72.0946,100
26.8,3.6,470.946,72.0946,100
26.85,3.6,470.946,72.0946,100
26.9,3.6,470.946,72.0946,100
26.95,3.6,470.946,72.0946,100
27,3.6,470.946,72.0946,100
27.05,3.6,470.946,72.0946,100
27.1,3.6,470.946,72.0946,100
27.15,3.6,470.946,72.0946,100
27.2,3.6,470.946,72.0946,100
27.25,3.6,470.946,72.0946,100
27.3,3.6,470.946,72.0946,100
27.35,3.6,470.946,72.0946,100
27.4,3.6,470.946,72.0946,100
27.45,3.6,470.946,72.0946,100
27.5,3.6,470.946,72.0946,100
27.55,3.6,470.946,72.0946,100
27.6,3.6,470.946,72.0946,100
27.65,3.6,470.946,72.0946,100
27.7,3.6,470.946,72.0946,100
27.75,3.6,470.946,72.0946,100
27.8,3.6,470.946,72.0946,100
27.85,3.6,470.946,72.0946,100
27.9,3.6,470.946,72.0946,100
27.95,3.6,470.946,72.0946,100
28,3.6,470.946,72.0946,100
28.05,3.6,470.946,72.0946,100
28.1,3.6,470.946,72.0946,100
28.15,3.6,470.946,72.0946,100
28.2,3.6,470.946,72.0946,100
28.25,3.6,470.946,72.0946,100
28.3,3.6,470.946,72.0946,100
28.35,3.6,470.946,72.0946,100
28.4,3.6,470.946,72.0946,100
28.45,3.6,470.946,72.0946,100
28.5,3.6,470.946,72.0946,100
28.55,3.6,470.946,72.0946,100
28.6,3.6,470.946,72.0946,100
28.65,3.6,470.946,72.0946,100
28.7,3.6,470.946,72.0946,100
28.75,3.6,470.946,72.0946,100
28.8,3.6,470.946,72.0946,100
28.85,3.6,470.946,72.0946,100
28.9,3.6,470.946,72.0946,100
28.95,3.6,470.946,72.0946,100
29,3.6,470.946,72.0946,100
29.05,3.6,470.946,72.0946,100
29.1,3.6,470.946,72.0946,100
29.15,3.6,470.946,72.0946,100
29.2,3.6,470.946,72.0946,100
29.25,3.6,470.946,72.0946,100
29.3,3.6,470.946,72.0946,100
29.35,3.6,470.946,72.0946,100
29.4,3.6,470.946,72.0946,100
29.45,3.6,470.946,72.0946,100
29.5,3.6,470.946,72.0946,100
29.55,3.6,470.946,72.0946,100
29.6,3.6,470.946,72.0946,100
29.65,3.6,470.946,72.0946,100
29.7,3.6,470.946,72.0946,100
29.75,3.6,470.946,72.0946,100
29.8,3.6,470.946,72.0946,100
29.85,3.6,470.946,72.0946,100
29.9,3.6,470.946,72.0946,100
29.95,3.6,470.946,72.0946,100
30,3.6,198.59,71.1867,0
30.05,3.6,198.59,70.3091,0
30.1,3.6,198.59,69.4608,0
30.15,3.6,198.59,68.6407,0
30.2,3.6,198.59,67.848,0
30.25,3.6,198.59,67.0817,0
30.3,3.6,198.59,66.341,0
30.35,3.6,198.59,65.6249,0
30.4,3.6,198.59,64.9327,0
30.45,3.6,198.59,64.2636,0
30.5,3.6,198.59,63.6168,0
30.55,3.6,198.59,62.9915,0
30.6,3.6,198.59,62.3871,0
30.65,3.6,198.59,61.8028,0
30.7,3.6,198.59,61.238,0
30.75,3.6,198.59,60.692,0
30.8,3.6,198.59,60.1643,0
30.85,3.6,198.59,59.6541,0
30.9,3.6,198.59,59.1609,0
30.95,3.6,198.59,58.6842,0
31,3.6,198.59,58.2234,0
31.05,3.6,198.59,57.7779,0
31.1,3.6,198.59,57.3473,0
31.15,3.6,198.59,56.931,0
31.2,3.6,198.59,56.5286,0
31.25,3.6,198.59,56.1396,0
31.3,3.6,198.59,55.7636,0
31.35,3.6,198.59,55.4001,0
31.4,3.6,198.59,55.0487,0
31.45,3.6,198.59,54.7091,0
31.5,3.6,198.59,54.3807,0
31.55,3.6,198.59,54.0633,0
31.6,3.6,198.59,53.7565,0
31.65,3.6,198.59,53.4599,0
31.7,3.6,198.59,53.1732,0
31.75,3.6,198.59,52.8961,0
31.8,3.6,198.59,52.6282,0
31.85,3.6,198.59,52.3692,0
31.9,3.6,198.59,52.1189,0
31.95,3.6,198.59,51.8769,0
32,3.6,198.59,51.643,0
32.05,3.6,198.59,51.4168,0
32.1,3.6,198.59,51.1982,0
32.15,3.6,198.59,50.9869,0
32.2,3.6,198.59,50.7827,0
32.25,3.6,198.59,50.5852,0
32.3,3.6,198.59,50.3943,0
32.35,3.6,198.59,50.2098,0
32.4,3.6,198.59,50.0315,0
32.45,3.6,198.59,49.859,0
32.5,3.6,198.59,49.6924,0
32.55,3.6,198.59,49.5313,0
32.6,3.6,198.59,49.3755,0
32.65,3.6,198.59,49.225,0
32.7,3.6,198.59,49.0794,0
32.75,3.6,198.59,48.9388,0
32.8,3.6,198.59,48.8028,0
32.85,3.6,198.59,48.6713,0
32.9,3.6,198.59,48.5442,0
32.95,3.6,198.59,48.4214,0
33,3.6,198.59,48.3026,0
33.05,3.6,198.59,48.1879,0
33.1,3.6,198.59,48.0769,0
33.15,3.6,198.59,47.9696,0
33.2,3.6,198.59,47.8659,0
33.25,3.6,198.59,47.7657,0
33.3,3.6,198.59,47.6688,0
33.35,3.6,198.59,47.5752,0
33.4,3.6,198.59,47.4846,0
33.45,3.6,198.59,47.3971,0
33.5,3.6,198.59,47.3125,0
33.55,3.6,198.59,47.2307,0
33.6,3.6,198.59,47.1517,0
33.65,3.6,198.59,47.0752,0
33.7,3.6,198.59,47.0014,0
33.75,3.6,198.59,46.9299,0
33.8,3.6,198.59,46.8609,0
33.85,3.6,198.59,46.7942,0
33.9,3.6,198.59,46.7297,0
33.95,3.6,198.59,46.6673,0
34,3.6,198.59,46.607,0
34.05,3.6,198.59,46.5488,0
34.1,3.6,198.59,46.4925,0
34.15,3.6,198.59,46.438,0
34.2,3.6,198.59,46.3854,0
34.25,3.6,198.59,46.3345,0
34.3,3.6,198.59,46.2853,0
34.35,3.6,198.59,46.2378,0
34.4,3.6,198.59,46.1918,0
34.45,3.6,198.59,46.1474,0
34.5,3.6,198.59,46.1044,0
34.55,3.6,198.59,46.0629,0
34.6,3.6,198.59,46.0228,0
34.65,3.6,198.59,45.984,0
34.7,3.6,198.59,45.9465,0
34.75,3.6,198.59,45.9102,0
34.8,3.6,198.59,45.8752,0
34.85,3.6,198.59,45.8413,0
34.9,3.6,198.59,45.8086,0
34.95,3.6,198.59,45.7769,0
35,3.6,198.59,45.7463,0
35.05,3.6,198.59,45.7168,0
35.1,3.6,198.59,45.6882,0
35.15,3.6,198.59,45.6605,0
35.2,3.6,198.59,45.6338,0
35.25,3.6,198.59,45.608,0
35.3,3.6,198.59,45.583,0
35.35,3.6,198.59,45.5589,0
35.4,3.6,198.59,45.5356,0
35.45,3.6,198.59,45.513,0
35.5,3.6,198.59,45.4912,0
35.55,3.6,198.59,45.4701,0
35.6,3.6,198.59,45.4498,0
35.65,3.6,198.59,45.4301,0
35.7,3.6,198.59,45.411,0
35.75,3.6,198.59,45.3926,0
35.8,3.6,198.59,45.3748,0
35.85,3.6,198.59,45.3576,0
35.9,3.6,198.59,45.341,0
35.95,3.6,198.59,45.325,0
36,3.6,198.59,45.3094,0
36.05,3.6,198.59,45.2944,0
36.1,3.6,198.59,45.2799,0
36.15,3.6,198.59,45.2659,0
36.2,3.6,198.59,45.2523,0
36.25,3.6,198.59,45.2392,0
36.3,3.6,198.59,45.2265,0
36.35,3.6,198.59,45.2143,0
36.4,3.6,198.59,45.2024,0
36.45,3.6,198.59,45.191,0
36.5,3.6,198.59,45.1799,0
36.55,3.6,198.59,45.1692,0
36.6,3.6,198.59,45.1589,0
36.65,3.6,198.59,45.1489,0
36.7,3.6,198.59,45.1392,0
36.75,3.6,198.59,45.1299,0
36.8,3.6,198.59,45.1208,0
36.85,3.6,198.59,45.1121,0
36.9,3.6,198.59,45.1037,0
36.95,3.6,198.59,45.0955,0
37,3.6,198.59,45.0876,0
37.05,3.6,198.59,45.08,0
37.1,3.6,198.59,45.0727,0
37.15,3.6,198.59,45.0655,0
37.2,3.6,198.59,45.0586,0
37.25,3.6,198.59,45.052,0
37.3,3.6,198.59,45.0456,0
37.35,3.6,198.59,45.0393,0
37.4,3.6,198.59,45.0333,0
37.45,3.6,198.59,45.0275,0
37.5,3.6,198.59,45.0219,0
37.55,3.6,198.59,45.0165,0
37.6,3.6,198.59,45.0112,0
37.65,3.6,198.59,45.0061,0
37.7,3.6,198.59,45.0012,0
37.75,3.6,198.59,44.9965,0
37.8,3.6,198.59,44.9919,0
37.85,3.6,198.59,44.9875,0
37.9,3.6,198.59,44.9832,0
37.95,3.6,198.59,44.9791,0
38,3.6,198.59,44.9751,0
38.05,3.6,198.59,44.9712,0
38.1,3.6,198.59,44.9675,0
38.15,3.6,198.59,44.9638,0
38.2,3.6,198.59,44.9603,0
38.25,3.6,198.59,44.957,0
38.3,3.6,198.59,44.9537,0
38.35,3.6,198.59,44.9505,0
38.4,3.6,198.59,44.9475,0
38.45,3.6,198.59,44.9445,0
38.5,3.6,198.59,44.9417,0
38.55,3.6,198.59,44.9389,0
38.6,3.6,198.59,44.9363,0
38.65,3.6,198.59,44.9337,0
38.7,3.6,198.59,44.9312,0
38.75,3.6,198.59,44.9288,0
38.8,3.6,198.59,44.9265,0
38.85,3.6,198.59,44.9242,0
38.9,3.6,198.59,44.922,0
38.95,3.6,198.59,44.9199,0
39,3.6,198.59,44.9179,0
39.05,3.6,198.59,44.916,0
39.1,3.6,198.59,44.9141,0
39.15,3.6,198.59,44.9122,0
39.2,3.6,198.59,44.9104,0
39.25,3.6,198.59,44.9087,0
39.3,3.6,198.59,44.9071,0
39.35,3.6,198.59,44.9055,0
39.4,3.6,198.59,44.9039,0
39.45,3.6,198.59,44.9024,0
39.5,3.6,198.59,44.901,0
39.55,3.6,198.59,44.8996,0
39.6,3.6,198.59,44.8982,0
39.65,3.6,198.59,44.8969,0
39.7,3.6,198.59,44.8957,0
39.75,3.6,198.59,44.8944,0
39.8,3.6,198.59,44.8932,0
39.85,3.6,198.59,44.8921,0
39.9,3.6,198.59,44.891,0
39.95,3.6,198.59,44.8899,0
40,3.6,198.59,44.8889,0
40.05,3.6,198.59,44.8879,0
40.1,3.6,198.59,44.8869,0
40.15,3.6,198.59,44.886,0
40.2,3.6,198.59,44.8851,0
40.25,3.6,198.59,44.8842,0
40.3,3.6,198.59,44.8834,0
40.35,3.6,198.59,44.8826,0
40.4,3.6,198.59,44.8818,0
40.45,3.6,198.59,44.881,0
40.5,3.6,198.59,44.8803,0
40.55,3.6,198.59,44.8796,0
40.6,3.6,198.59,44.8789,0
40.65,3.6,198.59,44.8782,0
40.7,3.6,198.59,44.8776,0
40.75,3.6,198.59,44.877,0
40.8,3.6,198.59,44.8764,0
40.85,3.6,198.59,44.8758,0
40.9,3.6,198.59,44.8752,0
40.95,3.6,198.59,44.8747,0
41,3.6,198.59,44.8742,0
41.05,3.6,198.59,44.8737,0
41.1,3.6,198.59,44.8732,0
41.15,3.6,198.59,44.8727,0
41.2,3.6,198.59,44.8723,0
41.25,3.6,198.59,44.8718,0
41.3,3.6,198.59,44.8714,0
41.35,3.6,198.59,44.871,0
41.4,3.6,198.59,44.8706,0
41.45,3.6,198.59,44.8702,0
41.5,3.6,198.59,44.8698,0
41.55,3.6,198.59,44.8695,0
41.6,3.6,198.59,44.8691,0
41.65,3.6,198.59,44.8688,0
41.7,3.6,198.59,44.8684,0
41.75,3.6,198.59,44.8681,0
41.8,3.6,198.59,44.8678,0
41.85,3.6,198.59,44.8675,0
41.9,3.6,198.59,44.8672,0
41.95,3.6,198.59,44.867,0
42,3.6,198.59,44.8667,0
42.05,3.6,198.59,44.8664,0
42.1,3.6,198.59,44.8662,0
42.15,3.6,198.59,44.866,0
42.2,3.6,198.59,44.8657,0
42.25,3.6,198.59,44.8655,0
42.3,3.6,198.59,44.8653,0
42.35,3.6,198.59,44.8651,0
42.4,3.6,198.59,44.8649,0
42.45,3.6,198.59,44.8647,0
42.5,3.6,198.59,44.8645,0
42.55,3.6,198.59,44.8643,0
42.6,3.6,198.59,44.8641,0
42.65,3.6,198.59,44.864,0
42.7,3.6,198.59,44.8638,0
42.75,3.6,198.59,44.8636,0
42.8,3.6,198.59,44.8635,0
42.85,3.6,198.59,44.8633,0
42.9,3.6,198.59,44.8632,0
42.95,3.6,198.59,44.863,0
43,3.6,198.59,44.8629,0
43.05,3.6,198.59,44.8628,0
43.1,3.6,198.59,44.8627,0
43.15,3.6,198.59,44.8625,0
43.2,3.6,198.59,44.8624,0
43.25,3.6,198.59,44.8623,0
43.3,3.6,198.59,44.8622,0
43.35,3.6,198.59,44.8621,0
43.4,3.6,198.59,44.862,0
43.45,3.6,198.59,44.8619,0
43.5,3.6,198.59,44.8618,0
43.55,3.6,198.59,44.8617,0
43.6,3.6,198.59,44.8616,0
43.65,3.6,198.59,44.8615,0
43.7,3.6,198.59,44.8614,0
43.75,3.6,198.59,44.8614,0
43.8,3.6,198.59,44.8613,0
43.85,3.6,198.59,44.8612,0
43.9,3.6,198.59,44.8611,0
43.95,3.6,198.59,44.8611,0
44,3.6,198.59,44.861,0
44.05,3.6,198.59,44.8609,0
44.1,3.6,198.59,44.8609,0
44.15,3.6,198.59,44.8608,0
44.2,3.6,198.59,44.8607,0
44.25,3.6,198.59,44.8607,0
44.3,3.6,198.59,44.8606,0
44.35,3.6,198.59,44.8606,0
44.4,3.6,198.59,44.8605,0
44.45,3.6,198.59,44.8605,0
44.5,3.6,198.59,44.8604,0
44.55,3.6,198.59,44.8604,0
44.6,3.6,198.59,44.8603,0
44.65,3.6,198.59,44.8603,0
44.7,3.6,198.59,44.8602,0
44.75,3.6,198.59,44.8602,0
44.8,3.6,198.59,44.8602,0
44.85,3.6,198.59,44.8601,0
44.9,3.6,198.59,44.8601,0
44.95,3.6,198.59,44.86,0
45,3.6,198.59,44.86,0
45.05,3.6,198.59,44.86,0
45.1,3.6,198.59,44.8599,0
45.15,3.6,198.59,44.8599,0
45.2,3.6,198.59,44.8599,0
45.25,3.6,198.59,44.8599,0
45.3,3.6,198.59,44.8598,0
45.35,3.6,198.59,44.8598,0
45.4,3.6,198.59,44.8598,0
45.45,3.6,198.59,44.8597,0
45.5,3.6,198.59,44.8597,0
45.55,3.6,198.59,44.8597,0
45.6,3.6,198.59,44.8597,0
45.65,3.6,198.59,44.8596,0
45.7,3.6,198.59,44.8596,0
45.75,3.6,198.59,44.8596,0
45.8,3.6,198.59,44.8596,0
45.85,3.6,198.59,44.8596,0
45.9,3.6,198.59,44.8595,0
45.95,3.6,198.59,44.8595,0
46,3.6,198.59,44.8595,0
46.05,3.6,198.59,44.8595,0
46.1,3.6,198.59,44.8595,0
46.15,3.6,198.59,44.8595,0
46.2,3.6,198.59,44.8594,0
46.25,3.6,198.59,44.8594,0
46.3,3.6,198.59,44.8594,0
46.35,3.6,198.59,44.8594,0
46.4,3.6,198.59,44.8594,0
46.45,3.6,198.59,44.8594,0
46.5,3.6,198.59,44.8594,0
46.55,3.6,198.59,44.8594,0
46.6,3.6,198.59,44.8593,0
46.65,3.6,198.59,44.8593,0
46.7,3.6,198.59,44.8593,0
46.75,3.6,198.59,44.8593,0
46.8,3.6,198.59,44.8593,0
46.85,3.6,198.59,44.8593,0
46.9,3.6,198.59,44.8593,0
46.95,3.6,198.59,44.8593,0
47,3.6,198.59,44.8593,0
47.05,3.6,198.59,44.8593,0
47.1,3.6,198.59,44.8592,0
47.15,3.6,198.59,44.8592,0
47.2,3.6,198.59,44.8592,0
47.25,3.6,198.59,44.8592,0
47.3,3.6,198.59,44.8592,0
47.35,3.6,198.59,44.8592,0
47.4,3.6,198.59,44.8592,0
47.45,3.6,198.59,44.8592,0
47.5,3.6,198.59,44.8592,0
47.55,3.6,198.59,44.8592,0
47.6,3.6,198.59,44.8592,0
47.65,3.6,198.59,44.8592,0
47.7,3.6,198.59,44.8592,0
47.75,3.6,198.59,44.8592,0
47.8,3.6,198.59,44.8592,0
47.85,3.6,198.59,44.8591,0
47.9,3.6,198.59,44.8591,0
47.95,3.6,198.59,44.8591,0
48,3.6,198.59,44.8591,0
48.05,3.6,198.59,44.8591,0
48.1,3.6,198.59,44.8591,0
48.15,3.6,198.59,44.8591,0
48.2,3.6,198.59,44.8591,0
48.25,3.6,198.59,44.8591,0
48.3,3.6,198.59,44.8591,0
48.35,3.6,198.59,44.8591,0
48.4,3.6,198.59,44.8591,0
48.45,3.6,198.59,44.8591,0
48.5,3.6,198.59,44.8591,0
48.55,3.6,198.59,44.8591,0
48.6,3.6,198.59,44.8591,0
48.65,3.6,198.59,44.8591,0
48.7,3.6,198.59,44.8591,0
48.75,3.6,198.59,44.8591,0
48.8,3.6,198.59,44.8591,0
48.85,3.6,198.59,44.8591,0
48.9,3.6,198.59,44.8591,0
48.95,3.6,198.59,44.8591,0
49,3.6,198.59,44.8591,0
49.05,3.6,198.59,44.8591,0
49.1,3.6,198.59,44.8591,0
49.15,3.6,198.59,44.8591,0
49.2,3.6,198.59,44.8591,0
49.25,3.6,198.59,44.8591,0
49.3,3.6,198.59,44.8591,0
49.35,3.6,198.59,44.8591,0
49.4,3.6,198.59,44.8591,0
49.45,3.6,198.59,44.859,0
49.5,3.6,198.59,44.859,0
49.55,3.6,198.59,44.859,0
49.6,3.6,198.59,44.859,0
49.65,3.6,198.59,44.859,0
49.7,3.6,198.59,44.859,0
49.75,3.6,198.59,44.859,0
49.8,3.6,198.59,44.859,0
49.85,3.6,198.59,44.859,0
49.9,3.6,198.59,44.859,0
49.95,3.6,198.59,44.859,0
50,3.6,198.59,44.859,0
50.05,3.6,198.59,44.859,0
50.1,3.6,198.59,44.859,0
50.15,3.6,198.59,44.859,0
50.2,3.6,198.59,44.859,0
50.25,3.6,198.59,44.859,0
50.3,3.6,198.59,44.859,0
50.35,3.6,198.59,44.859,0
50.4,3.6,198.59,44.859,0
50.45,3.6,198.59,44.859,0
50.5,3.6,198.59,44.859,0
50.55,3.6,198.59,44.859,0
50.6,3.6,198.59,44.859,0
50.65,3.6,198.59,44.859,0
50.7,3.6,198.59,44.859,0
50.75,3.6,198.59,44.859,0
50.8,3.6,198.59,44.859,0
50.85,3.6,198.59,44.859,0
50.9,3.6,198.59,44.859,0
50.95,3.6,198.59,44.859,0
51,3.6,198.59,44.859,0
51.05,3.6,198.59,44.859,0
51.1,3.6,198.59,44.859,0
51.15,3.6,198.59,44.859,0
51.2,3.6,198.59,44.859,0
51.25,3.6,198.59,44.859,0
51.3,3.6,198.59,44.859,0
51.35,3.6,198.59,44.859,0
51.4,3.6,198.59,44.859,0
51.45,3.6,198.59,44.859,0
51.5,3.6,198.59,44.859,0
51.55,3.6,198.59,44.859,0
51.6,3.6,198.59,44.859,0
51.65,3.6,198.59,44.859,0
51.7,3.6,198.59,44.859,0
51.75,3.6,198.59,44.859,0
51.8,3.6,198.59,44.859,0
51.85,3.6,198.59,44.859,0
51.9,3.6,198.59,44.859,0
51.95,3.6,198.59,44.859,0
52,3.6,198.59,44.859,0
52.05,3.6,198.59,44.859,0
52.1,3.6,198.59,44.859,0
52.15,3.6,198.59,44.859,0
52.2,3.6,198.59,44.859,0
52.25,3.6,198.59,44.859,0
52.3,3.6,198.59,44.859,0
52.35,3.6,198.59,44.859,0
52.4,3.6,198.59,44.859,0
52.45,3.6,198.59,44.859,0
52.5,3.6,198.59,44.859,0
52.55,3.6,198.59,44.859,0
52.6,3.6,198.59,44.859,0
52.65,3.6,198.59,44.859,0
52.7,3.6,198.59,44.859,0
52.75,3.6,198.59,44.859,0
52.8,3.6,198.59,44.859,0
52.85,3.6,198.59,44.859,0
52.9,3.6,198.59,44.859,0
52.95,3.6,198.59,44.859,0
53,3.6,198.59,44.859,0
53.05,3.6,198.59,44.859,0
53.1,3.6,198.59,44.859,0
53.15,3.6,198.59,44.859,0
53.2,3.6,198.59,44.859,0
53.25,3.6,198.59,44.859,0
53.3,3.6,198.59,44.859,0
53.35,3.6,198.59,44.859,0
53.4,3.6,198.59,44.859,0
53.45,3.6,198.59,44.859,0
53.5,3.6,198.59,44.859,0
53.55,3.6,198.59,44.859,0
53.6,3.6,198.59,44.859,0
53.65,3.6,198.59,44.859,0
53.7,3.6,198.59,44.859,0
53.75,3.6,198.59,44.859,0
53.8,3.6,198.59,44.859,0
53.85,3.6,198.59,44.859,0
53.9,3.6,198.59,44.859,0
53.95,3.6,198.59,44.859,0
54,3.6,198.59,44.859,0
54.05,3.6,198.59,44.859,0
54.1,3.6,198.59,44.859,0
54.15,3.6,198.59,44.859,0
54.2,3.6,198.59,44.859,0
54.25,3.6,198.59,44.859,0
54.3,3.6,198.59,44.859,0
54.35,3.6,198.59,44.859,0
54.4,3.6,198.59,44.859,0
54.45,3.6,198.59,44.859,0
54.5,3.6,198.59,44.859,0
54.55,3.6,198.59,44.859,0
54.6,3.6,198.59,44.859,0
54.65,3.6,198.59,44.859,0
54.7,3.6,198.59,44.859,0
54.75,3.6,198.59,44.859,0
54.8,3.6,198.59,44.859,0
54.85,3.6,198.59,44.859,0
54.9,3.6,198.59,44.859,0
54.95,3.6,198.59,44.859,0
55,3.6,198.59,44.859,0
55.05,3.6,198.59,44.859,0
55.1,3.6,198.59,44.859,0
55.15,3.6,198.59,44.859,0
55.2,3.6,198.59,44.859,0
55.25,3.6,198.59,44.859,0
55.3,3.6,198.59,44.859,0
55.35,3.6,198.59,44.859,0
55.4,3.6,198.59,44.859,0
55.45,3.6,198.59,44.859,0
55.5,3.6,198.59,44.859,0
55.55,3.6,198.59,44.859,0
55.6,3.6,198.59,44.859,0
55.65,3.6,198.59,44.859,0
55.7,3.6,198.59,44.859,0
55.75,3.6,198.59,44.859,0
55.8,3.6,198.59,44.859,0
55.85,3.6,198.59,44.859,0
55.9,3.6,198.59,44.859,0
55.95,3.6,198.59,44.859,0
56,3.6,198.59,44.859,0
56.05,3.6,198.59,44.859,0
56.1,3.6,198.59,44.859,0
56.15,3.6,198.59,44.859,0
56.2,3.6,198.59,44.859,0
56.25,3.6,198.59,44.859,0
56.3,3.6,198.59,44.859,0
56.35,3.6,198.59,44.859,0
56.4,3.6,198.59,44.859,0
56.45,3.6,198.59,44.859,0
56.5,3.6,198.59,44.859,0
56.55,3.6,198.59,44.859,0
56.6,3.6,198.59,44.859,0
56.65,3.6,198.59,44.859,0
56.7,3.6,198.59,44.859,0
56.75,3.6,198.59,44.859,0
56.8,3.6,198.59,44.859,0
56.85,3.6,198.59,44.859,0
56.9,3.6,198.59,44.859,0
56.95,3.6,198.59,44.859,0
57,3.6,198.59,44.859,0
57.05,3.6,198.59,44.859,0
57.1,3.6,198.59,44.859,0
57.15,3.6,198.59,44.859,0
57.2,3.6,198.59,44.859,0
57.25,3.6,198.59,44.859,0
57.3,3.6,198.59,44.859,0
57.35,3.6,198.59,44.859,0
57.4,3.6,198.59,44.859,0
57.45,3.6,198.59,44.859,0
57.5,3.6,198.59,44.859,0
57.55,3.6,198.59,44.859,0
57.6,3.6,198.59,44.859,0
57.65,3.6,198.59,44.859,0
57.7,3.6,198.59,44.859,0
57.75,3.6,198.59,44.859,0
57.8,3.6,198.59,44.859,0
57.85,3.6,198.59,44.859,0
57.9,3.6,198.59,44.859,0
57.95,3.6,198.59,44.859,0
58,3.6,198.59,44.859,0
58.05,3.6,198.59,44.859,0
58.1,3.6,198.59,44.859,0
58.15,3.6,198.59,44.859,0
58.2,3.6,198.59,44.859,0
58.25,3.6,198.59,44.859,0
58.3,3.6,198.59,44.859,0
58.35,3.6,198.59,44.859,0
58.4,3.6,198.59,44.859,0
58.45,3.6,198.59,44.859,0
58.5,3.6,198.59,44.859,0
58.55,3.6,198.59,44.859,0
58.6,3.6,198.59,44.859,0
58.65,3.6,198.59,44.859,0
58.7,3.6,198.59,44.859,0
58.75,3.6,198.59,44.859,0
58.8,3.6,198.59,44.859,0
58.85,3.6,198.59,44.859,0
58.9,3.6,198.59,44.859,0
58.95,3.6,198.59,44.859,0
59,3.6,198.59,44.859,0
59.05,3.6,198.59,44.859,0
59.1,3.6,198.59,44.859,0
59.15,3.6,198.59,44.859,0
59.2,3.6,198.59,44.859,0
59.25,3.6,198.59,44.859,0
59.3,3.6,198.59,44.859,0
59.35,3.6,198.59,44.859,0
59.4,3.6,198.59,44.859,0
59.45,3.6,198.59,44.859,0
59.5,3.6,198.59,44.859,0
59.55,3.6,198.59,44.859,0
59.6,3.6,198.59,44.859,0
59.65,3.6,198.59,44.859,0
59.7,3.6,198.59,44.859,0
59.75,3.6,198.59,44.859,0
59.8,3.6,198.59,44.859,0
59.85,3.6,198.59,44.859,0
59.9,3.6,198.59,44.859,0
59.95,3.6,198.59,44.859,0
60,3.6,198.59,44.859,0
60.05,3.6,198.59,44.859,0
60.1,3.6,198.59,44.859,0
60.15,3.6,198.59,44.859,0
60.2,3.6,198.59,44.859,0
60.25,3.6,198.59,44.859,0
60.3,3.6,198.59,44.859,0
60.35,3.6,198.59,44.859,0
60.4,3.6,198.59,44.859,0
60.45,3.6,198.59,44.859,0
60.5,3.6,198.59,44.859,0
60.55,3.6,198.59,44.859,0
60.6,3.6,198.59,44.859,0
60.65,3.6,198.59,44.859,0
60.7,3.6,198.59,44.859,0
60.75,3.6,198.59,44.859,0
60.8,3.6,198.59,44.859,0
60.85,3.6,198.59,44.859,0
60.9,3.6,198.59,44.859,0
60.95,3.6,198.59,44.859,0
61,3.6,198.59,44.859,0
61.05,3.6,198.59,44.859,0
61.1,3.6,198.59,44.859,0
61.15,3.6,198.59,44.859,0
61.2,3.6,198.59,44.859,0
61.25,3.6,198.59,44.859,0
61.3,3.6,198.59,44.859,0
61.35,3.6,198.59,44.859,0
61.4,3.6,198.59,44.859,0
61.45,3.6,198.59,44.859,0
61.5,3.6,198.59,44.859,0
61.55,3.6,198.59,44.859,0
61.6,3.6,198.59,44.859,0
61.65,3.6,198.59,44.859,0
61.7,3.6,198.59,44.859,0
61.75,3.6,198.59,44.859,0
61.8,3.6,198.59,44.859,0
61.85,3.6,198.59,44.859,0
61.9,3.6,198.59,44.859,0
61.95,3.6,198.59,44.859,0
62,3.6,198.59,44.859,0
62.05,3.6,198.59,44.859,0
62.1,3.6,198.59,44.859,0
62.15,3.6,198.59,44.859,0
62.2,3.6,198.59,44.859,0
62.25,3.6,198.59,44.859,0
62.3,3.6,198.59,44.859,0
62.35,3.6,198.59,44.859,0
62.4,3.6,198.59,44.859,0
62.45,3.6,198.59,44.859,0
62.5,3.6,198.59,44.859,0
62.55,3.6,198.59,44.859,0
62.6,3.6,198.59,44.859,0
62.65,3.6,198.59,44.859,0
62.7,3.6,198.59,44.859,0
62.75,3.6,198.59,44.859,0
62.8,3.6,198.59,44.859,0
62.85,3.6,198.59,44.859,0
62.9,3.6,198.59,44.859,0
62.95,3.6,198.59,44.859,0
63,3.6,198.59,44.859,0
63.05,3.6,198.59,44.859,0
63.1,3.6,198.59,44.859,0
63.15,3.6,198.59,44.859,0
63.2,3.6,198.59,44.859,0
63.25,3.6,198.59,44.859,0
63.3,3.6,198.59,44.859,0
63.35,3.6,198.59,44.859,0
63.4,3.6,198.59,44.859,0
63.45,3.6,198.59,44.859,0
63.5,3.6,198.59,44.859,0
63.55,3.6,198.59,44.859,0
63.6,3.6,198.59,44.859,0
63.65,3.6,198.59,44.859,0
63.7,3.6,198.59,44.859,0
63.75,3.6,198.59,44.859,0
63.8,3.6,198.59,44.859,0
63.85,3.6,198.59,44.859,0
63.9,3.6,198.59,44.859,0
63.95,3.6,198.59,44.859,0
64,3.6,198.59,44.859,0
64.05,3.6,198.59,44.859,0
64.1,3.6,198.59,44.859,0
64.15,3.6,198.59,44.859,0
64.2,3.6,198.59,44.859,0
64.25,3.6,198.59,44.859,0
64.3,3.6,198.59,44.859,0
64.35,3.6,198.59,44.859,0
64.4,3.6,198.59,44.859,0
64.45,3.6,198.59,44.859,0
64.5,3.6,198.59,44.859,0
64.55,3.6,198.59,44.859,0
64.6,3.6,198.59,44.859,0
64.65,3.6,198.59,44.859,0
64.7,3.6,198.59,44.859,0
64.75,3.6,198.59,44.859,0
64.8,3.6,198.59,44.859,0
64.85,3.6,198.59,44.859,0
64.9,3.6,198.59,44.859,0
64.95,3.6,198.59,44.859,0
65,3.6,198.59,44.859,0
65.05,3.6,198.59,44.859,0
65.1,3.6,198.59,44.859,0
65.15,3.6,198.59,44.859,0
65.2,3.6,198.59,44.859,0
65.25,3.6,198.59,44.859,0
65.3,3.6,198.59,44.859,0
65.35,3.6,198.59,44.859,0
65.4,3.6,198.59,44.859,0
65.45,3.6,198.59,44.859,0
65.5,3.6,198.59,44.859,0
65.55,3.6,198.59,44.859,0
65.6,3.6,198.59,44.859,0
65.65,3.6,198.59,44.859,0
65.7,3.6,198.59,44.859,0
65.75,3.6,198.59,44.859,0
65.8,3.6,198.59,44.859,0
65.85,3.6,198.59,44.859,0
65.9,3.6,198.59,44.859,0
65.95,3.6,198.59,44.859,0
66,3.6,198.59,44.859,0
66.05,3.6,198.59,44.859,0
66.1,3.6,198.59,44.859,0
66.15,3.6,198.59,44.859,0
66.2,3.6,198.59,44.859,0
66.25,3.6,198.59,44.859,0
66.3,3.6,198.59,44.859,0
66.35,3.6,198.59,44.859,0
66.4,3.6,198.59,44.859,0
66.45,3.6,198.59,44.859,0
66.5,3.6,198.59,44.859,0
66.55,3.6,198.59,44.859,0
66.6,3.6,198.59,44.859,0
66.65,3.6,198.59,44.859,0
66.7,3.6,198.59,44.859,0
66.75,3.6,198.59,44.859,0
66.8,3.6,198.59,44.859,0
66.85,3.6,198.59,44.859,0
66.9,3.6,198.59,44.859,0
66.95,3.6,198.59,44.859,0
67,3.6,198.59,44.859,0
67.05,3.6,198.59,44.859,0
67.1,3.6,198.59,44.859,0
67.15,3.6,198.59,44.859,0
67.2,3.6,198.59,44.859,0
67.25,3.6,198.59,44.859,0
67.3,3.6,198.59,44.859,0
67.35,3.6,198.59,44.859,0
67.4,3.6,198.59,44.859,0
67.45,3.6,198.59,44.859,0
67.5,3.6,198.59,44.859,0
67.55,3.6,198.59,44.859,0
67.6,3.6,198.59,44.859,0
67.65,3.6,198.59,44.859,0
67.7,3.6,198.59,44.859,0
67.75,3.6,198.59,44.859,0
67.8,3.6,198.59,44.859,0
67.85,3.6,198.59,44.859,0
67.9,3.6,198.59,44.859,0
67.95,3.6,198.59,44.859,0
68,3.6,198.59,44.859,0
68.05,3.6,198.59,44.859,0
68.1,3.6,198.59,44.859,0
68.15,3.6,198.59,44.859,0
68.2,3.6,198.59,44.859,0
68.25,3.6,198.59,44.859,0
68.3,3.6,198.59,44.859,0
68.35,3.6,198.59,44.859,0
68.4,3.6,198.59,44.859,0
68.45,3.6,198.59,44.859,0
68.5,3.6,198.59,44.859,0
68.55,3.6,198.59,44.859,0
68.6,3.6,198.59,44.859,0
68.65,3.6,198.59,44.859,0
68.7,3.6,198.59,44.859,0
68.75,3.6,198.59,44.859,0
68.8,3.6,198.59,44.859,0
68.85,3.6,198.59,44.859,0
68.9,3.6,198.59,44.859,0
68.95,3.6,198.59,44.859,0
69,3.6,198.59,44.859,0
69.05,3.6,198.59,44.859,0
69.1,3.6,198.59,44.859,0
69.15,3.6,198.59,44.859,0
69.2,3.6,198.59,44.859,0
69.25,3.6,198.59,44.859,0
69.3,3.6,198.59,44.859,0
69.35,3.6,198.59,44.859,0
69.4,3.6,198.59,44.859,0
69.45,3.6,198.59,44.859,0
69.5,3.6,198.59,44.859,0
69.55,3.6,198.59,44.859,0
69.6,3.6,198.59,44.859,0
69.65,3.6,198.59,44.859,0
69.7,3.6,198.59,44.859,0
69.75,3.6,198.59,44.859,0
69.8,3.6,198.59,44.859,0
69.85,3.6,198.59,44.859,0
69.9,3.6,198.59,44.859,0
69.95,3.6,198.59,44.859,0
70,3.6,198.59,44.859,0
70.05,3.6,470.946,45.7669,100
70.1,3.6,470.946,46.6444,100
70.15,3.6,470.946,47.4928,100
70.2,3.6,470.946,48.3128,100
70.25,3.6,470.946,49.1056,100
70.3,3.6,470.946,49.8719,100
70.35,3.6,470.946,50.6126,100
70.4,3.6,470.946,51.3287,100
70.45,3.6,470.946,52.0209,100
70.5,3.6,470.946,52.69,100
70.55,3.6,470.946,53.3368,100
70.6,3.6,470.946,53.9621,100
70.65,3.6,470.946,54.5665,100
70.7,3.6,470.946,55.1508,100
70.75,3.6,470.946,55.7156,100
70.8,3.6,470.946,56.2615,100
70.85,3.6,470.946,56.7893,100
70.9,3.6,470.946,57.2995,100
70.95,3.6,470.946,57.7926,100
71,3.6,470.946,58.2694,100
71.05,3.6,470.946,58.7302,100
71.1,3.6,470.946,59.1757,100
71.15,3.6,470.946,59.6063,100
71.2,3.6,470.946,60.0226,100
71.25,3.6,470.946,60.425,100
71.3,3.6,470.946,60.814,100
71.35,3.6,470.946,61.19,100
71.4,3.6,470.946,61.5535,100
71.45,3.6,470.946,61.9049,100
71.5,3.6,470.946,62.2445,100
71.55,3.6,470.946,62.5729,100
71.6,3.6,470.946,62.8902,100
71.65,3.6,470.946,63.1971,100
71.7,3.6,470.946,63.4936,100
71.75,3.6,470.946,63.7803,100
71.8,3.6,470.946,64.0575,100
71.85,3.6,470.946,64.3254,100
71.9,3.6,470.946,64.5844,100
71.95,3.6,470.946,64.8347,100
72,3.6,470.946,65.0767,100
72.05,3.6,470.946,65.3106,100
72.1,3.6,470.946,65.5368,100
72.15,3.6,470.946,65.7554,100
72.2,3.6,470.946,65.9667,100
72.25,3.6,470.946,66.1709,100
72.3,3.6,470.946,66.3684,100
72.35,3.6,470.946,66.5593,100
72.4,3.6,470.946,66.7438,100
72.45,3.6,470.946,66.9221,100
72.5,3.6,470.946,67.0945,100
72.55,3.6,470.946,67.2612,100
72.6,3.6,470.946,67.4223,100
72.65,3.6,470.946,67.5781,100
72.7,3.6,470.946,67.7286,100
72.75,3.6,470.946,67.8741,100
72.8,3.6,470.946,68.0148,100
72.85,3.6,470.946,68.1508,100
72.9,3.6,470.946,68.2823,100
72.95,3.6,470.946,68.4094,100
73,3.6,470.946,68.5322,100
73.05,3.6,470.946,68.6509,100
73.1,3.6,470.946,68.7657,100
73.15,3.6,470.946,68.8767,100
73.2,3.6,470.946,68.984,100
73.25,3.6,470.946,69.0876,100
73.3,3.6,470.946,69.1879,100
73.35,3.6,470.946,69.2848,100
73.4,3.6,470.946,69.3784,100
73.45,3.6,470.946,69.469,100
73.5,3.6,470.946,69.5565,100
73.55,3.6,470.946,69.6411,100
73.6,3.6,470.946,69.7229,100
73.65,3.6,470.946,69.8019,100
73.7,3.6,470.946,69.8783,100
73.75,3.6,470.946,69.9522,100
73.8,3.6,470.946,70.0236,100
73.85,3.6,470.946,70.0927,100
73.9,3.6,470.946,70.1594,100
73.95,3.6,470.946,70.2239,100
74,3.6,470.946,70.2863,100
74.05,3.6,470.946,70.3465,100
74.1,3.6,470.946,70.4048,100
74.15,3.6,470.946,70.4611,100
74.2,3.6,470.946,70.5156,100
74.25,3.6,470.946,70.5682,100
74.3,3.6,470.946,70.6191,100
74.35,3.6,470.946,70.6683,100
74.4,3.6,470.946,70.7158,100
74.45,3.6,470.946,70.7618,100
74.5,3.6,470.946,70.8062,100
74.55,3.6,470.946,70.8492,100
74.6,3.6,470.946,70.8907,100
74.65,3.6,470.946,70.9308,100
74.7,3.6,470.946,70.9696,100
74.75,3.6,470.946,71.0071,100
74.8,3.6,470.946,71.0433,100
74.85,3.6,470.946,71.0784,100
74.9,3.6,470.946,71.1123,100
74.95,3.6,470.946,71.145,100
75,3.6,470.946,71.1767,100
75.05,3.6,470.946,71.2072,100
75.1,3.6,470.946,71.2368,100
75.15,3.6,470.946,71.2654,100
75.2,3.6,470.946,71.2931,100
75.25,3.6,470.946,71.3198,100
75.3,3.6,470.946,71.3456,100
75.35,3.6,470.946,71.3706,100
75.4,3.6,470.946,71.3947,100
75.45,3.6,470.946,71.418,100
75.5,3.6,470.946,71.4406,100
75.55,3.6,470.946,71.4624,100
75.6,3.6,470.946,71.4835,100
75.65,3.6,470.946,71.5038,100
75.7,3.6,470.946,71.5235,100
75.75,3.6,470.946,71.5426,100
75.8,3.6,470.946,71.561,100
75.85,3.6,470.946,71.5787,100
75.9,3.6,470.946,71.5959,100
75.95,3.6,470.946,71.6126,100
76,3.6,470.946,71.6286,100
76.05,3.6,470.946,71.6442,100
76.1,3.6,470.946,71.6592,100
76.15,3.6,470.946,71.6737,100
76.2,3.6,470.946,71.6877,100
76.25,3.6,470.946,71.7013,100
76.3,3.6,470.946,71.7144,100
76.35,3.6,470.946,71.7271,100
76.4,3.6,470.946,71.7393,100
76.45,3.6,470.946,71.7512,100
76.5,3.6,470.946,71.7626,100
76.55,3.6,470.946,71.7737,100
76.6,3.6,470.946,71.7844,100
76.65,3.6,470.946,71.7947,100
76.7,3.6,470.946,71.8047,100
76.75,3.6,470.946,71.8144,100
76.8,3.6,470.946,71.8237,100
76.85,3.6,470.946,71.8327,100
76.9,3.6,470.946,71.8415,100
76.95,3.6,470.946,71.8499,100
77,3.6,470.946,71.8581,100
77.05,3.6,470.946,71.8659,100
77.1,3.6,470.946,71.8736,100
77.15,3.6,470.946,71.8809,100
77.2,3.6,470.946,71.8881,100
77.25,3.6,470.946,71.8949,100
77.3,3.6,470.946,71.9016,100
77.35,3.6,470.946,71.908,100
77.4,3.6,470.946,71.9142,100
77.45,3.6,470.946,71.9203,100
77.5,3.6,470.946,71.9261,100
77.55,3.6,470.946,71.9317,100
77.6,3.6,470.946,71.9371,100
77.65,3.6,470.946,71.9424,100
77.7,3.6,470.946,71.9474,100
77.75,3.6,470.946,71.9523,100
77.8,3.6,470.946,71.9571,100
77.85,3.6,470.946,71.9617,100
77.9,3.6,470.946,71.9661,100
77.95,3.6,470.946,71.9704,100
78,3.6,470.946,71.9745,100
78.05,3.6,470.946,71.9785,100
78.1,3.6,470.946,71.9824,100
78.15,3.6,470.946,71.9861,100
78.2,3.6,470.946,71.9897,100
78.25,3.6,470.946,71.9932,100
78.3,3.6,470.946,71.9966,100
78.35,3.6,470.946,71.9999,100
78.4,3.6,470.946,72.003,100
78.45,3.6,470.946,72.0061,100
78.5,3.6,470.946,72.009,100
78.55,3.6,470.946,72.0119,100
78.6,3.6,470.946,72.0146,100
78.65,3.6,470.946,72.0173,100
78.7,3.6,470.946,72.0199,100
78.75,3.6,470.946,72.0224,100
78.8,3.6,470.946,72.0248,100
78.85,3.6,470.946,72.0271,100
78.9,3.6,470.946,72.0294,100
78.95,3.6,470.946,72.0315,100
79,3.6,470.946,72.0336,100
79.05,3.6,470.946,72.0357,100
79.1,3.6,470.946,72.0376,100
79.15,3.6,470.946,72.0395,100
79.2,3.6,470.946,72.0414,100
79.25,3.6,470.946,72.0431,100
79.3,3.6,470.946,72.0449,100
79.35,3.6,470.946,72.0465,100
79.4,3.6,470.946,72.0481,100
79.45,3.6,470.946,72.0497,100
79.5,3.6,470.946,72.0512,100
79.55,3.6,470.946,72.0526,100
79.6,3.6,470.946,72.054,100
79.65,3.6,470.946,72.0554,100
79.7,3.6,470.946,72.0567,100
79.75,3.6,470.946,72.0579,100
79.8,3.6,470.946,72.0592,100
79.85,3.6,470.946,72.0603,100
79.9,3.6,470.946,72.0615,100
79.95,3.6,470.946,72.0626,100
80,3.6,470.946,72.0636,100
80.05,3.6,470.946,72.0647,100
80.1,3.6,470.946,72.0657,100
80.15,3.6,470.946,72.0666,100
80.2,3.6,470.946,72.0676,100
80.25,3.6,470.946,72.0685,100
80.3,3.6,470.946,72.0693,100
80.35,3.6,470.946,72.0702,100
80.4,3.6,470.946,72.071,100
80.45,3.6,470.946,72.0718,100
80.5,3.6,470.946,72.0725,100
80.55,3.6,470.946,72.0733,100
80.6,3.6,470.946,72.074,100
80.65,3.6,470.946,72.0747,100
80.7,3.6,470.946,72.0753,100
80.75,3.6,470.946,72.076,100
80.8,3.6,470.946,72.0766,100
80.85,3.6,470.946,72.0772,100
80.9,3.6,470.946,72.0778,100
80.95,3.6,470.946,72.0783,100
81,3.6,470.946,72.0789,100
81.05,3.6,470.946,72.0794,100
81.1,3.6,470.946,72.0799,100
81.15,3.6,470.946,72.0804,100
81.2,3.6,470.946,72.0809,100
81.25,3.6,470.946,72.0813,100
81.3,3.6,470.946,72.0818,100
81.35,3.6,470.946,72.0822,100
81.4,3.6,470.946,72.0826,100
81.45,3.6,470.946,72.083,100
81.5,3.6,470.946,72.0834,100
81.55,3.6,470.946,72.0838,100
81.6,3.6,470.946,72.0841,100
81.65,3.6,470.946,72.0845,100
81.7,3.6,470.946,72.0848,100
81.75,3.6,470.946,72.0851,100
81.8,3.6,470.946,72.0855,100
81.85,3.6,470.946,72.0858,100
81.9,3.6,470.946,72.0861,100
81.95,3.6,470.946,72.0863,100
82,3.6,470.946,72.0866,100
82.05,3.6,470.946,72.0869,100
82.1,3.6,470.946,72.0871,100
82.15,3.6,470.946,72.0874,100
82.2,3.6,470.946,72.0876,100
82.25,3.6,470.946,72.0879,100
82.3,3.6,470.946,72.0881,100
82.35,3.6,470.946,72.0883,100
82.4,3.6,470.946,72.0885,100
82.45,3.6,470.946,72.0887,100
82.5,3.6,470.946,72.0889,100
82.55,3.6,470.946,72.0891,100
82.6,3.6,470.946,72.0893,100
82.65,3.6,470.946,72.0895,100
82.7,3.6,470.946,72.0896,100
82.75,3.6,470.946,72.0898,100
82.8,3.6,470.946,72.0899,100
82.85,3.6,470.946,72.0901,100
82.9,3.6,470.946,72.0903,100
82.95,3.6,470.946,72.0904,100
83,3.6,470.946,72.0905,100
83.05,3.6,470.946,72.0907,100
83.1,3.6,470.946,72.0908,100
83.15,3.6,470.946,72.0909,100
83.2,3.6,470.946,72.0911,100
83.25,3.6,470.946,72.0912,100
83.3,3.6,470.946,72.0913,100
83.35,3.6,470.946,72.0914,100
83.4,3.6,470.946,72.0915,100
83.45,3.6,470.946,72.0916,100
83.5,3.6,470.946,72.0917,100
83.55,3.6,470.946,72.0918,100
83.6,3.6,470.946,72.0919,100
83.65,3.6,470.946,72.092,100
83.7,3.6,470.946,72.0921,100
83.75,3.6,470.946,72.0922,100
83.8,3.6,470.946,72.0922,100
83.85,3.6,470.946,72.0923,100
83.9,3.6,470.946,72.0924,100
83.95,3.6,470.946,72.0925,100
84,3.6,470.946,72.0925,100
84.05,3.6,470.946,72.0926,100
84.1,3.6,470.946,72.0927,100
84.15,3.6,470.946,72.0927,100
84.2,3.6,470.946,72.0928,100
84.25,3.6,470.946,72.0929,100
84.3,3.6,470.946,72.0929,100
84.35,3.6,470.946,72.093,100
84.4,3.6,470.946,72.093,100
84.45,3.6,470.946,72.0931,100
84.5,3.6,470.946,72.0931,100
84.55,3.6,470.946,72.0932,100
84.6,3.6,470.946,72.0932,100
84.65,3.6,470.946,72.0933,100
84.7,3.6,470.946,72.0933,100
84.75,3.6,470.946,72.0933,100
84.8,3.6,470.946,72.0934,100
84.85,3.6,470.946,72.0934,100
84.9,3.6,470.946,72.0935,100
84.95,3.6,470.946,72.0935,100
85,3.6,470.946,72.0935,100
85.05,3.6,470.946,72.0936,100
85.1,3.6,470.946,72.0936,100
85.15,3.6,470.946,72.0936,100
85.2,3.6,470.946,72.0937,100
85.25,3.6,470.946,72.0937,100
85.3,3.6,470.946,72.0937,100
85.35,3.6,470.946,72.0938,100
85.4,3.6,470.946,72.0938,100
85.45,3.6,470.946,72.0938,100
85.5,3.6,470.946,72.0938,100
85.55,3.6,470.946,72.0939,100
85.6,3.6,470.946,72.0939,100
85.65,3.6,470.946,72.0939,100
85.7,3.6,470.946,72.0939,100
85.75,3.6,470.946,72.094,100
85.8,3.6,470.946,72.094,100
85.85,3.6,470.946,72.094,100
85.9,3.6,470.946,72.094,100
85.95,3.6,470.946,72.094,100
86,3.6,470.946,72.0941,100
86.05,3.6,470.946,72.0941,100
86.1,3.6,470.946,72.0941,100
86.15,3.6,470.946,72.0941,100
86.2,3.6,470.946,72.0941,100
86.25,3.6,470.946,72.0941,100
86.3,3.6,470.946,72.0942,100
86.35,3.6,470.946,72.0942,100
86.4,3.6,470.946,72.0942,100
86.45,3.6,470.946,72.0942,100
86.5,3.6,470.946,72.0942,100
86.55,3.6,470.946,72.0942,100
86.6,3.6,470.946,72.0942,100
86.65,3.6,470.946,72.0942,100
86.7,3.6,470.946,72.0943,100
86.75,3.6,470.946,72.0943,100
86.8,3.6,470.946,72.0943,100
86.85,3.6,470.946,72.0943,100
86.9,3.6,470.946,72.0943,100
86.95,3.6,470.946,72.0943,100
87,3.6,470.946,72.0943,100
87.05,3.6,470.946,72.0943,100
87.1,3.6,470.946,72.0943,100
87.15,3.6,470.946,72.0943,100
87.2,3.6,470.946,72.0943,100
87.25,3.6,470.946,72.0944,100
87.3,3.6,470.946,72.0944,100
87.35,3.6,470.946,72.0944,100
87.4,3.6,470.946,72.0944,100
87.45,3.6,470.946,72.0944,100
87.5,3.6,470.946,72.0944,100
87.55,3.6,470.946,72.0944,100
87.6,3.6,470.946,72.0944,100
87.65,3.6,470.946,72.0944,100
87.7,3.6,470.946,72.0944,100
87.75,3.6,470.946,72.0944,100
87.8,3.6,470.946,72.0944,100
87.85,3.6,470.946,72.0944,100
87.9,3.6,470.946,72.0944,100
87.95,3.6,470.946,72.0944,100
88,3.6,470.946,72.0944,100
88.05,3.6,470.946,72.0945,100
88.1,3.6,470.946,72.0945,100
88.15,3.6,470.946,72.0945,100
88.2,3.6,470.946,72.0945,100
88.25,3.6,470.946,72.0945,100
88.3,3.6,470.946,72.0945,100
88.35,3.6,470.946,72.0945,100
88.4,3.6,470.946,72.0945,100
88.45,3.6,470.946,72.0945,100
88.5,3.6,470.946,72.0945,100
88.55,3.6,470.946,72.0945,100
88.6,3.6,470.946,72.0945,100
88.65,3.6,470.946,72.0945,100
88.7,3.6,470.946,72.0945,100
88.75,3.6,470.946,72.0945,100
88.8,3.6,470.946,72.0945,100
88.85,3.6,470.946,72.0945,100
88.9,3.6,470.946,72.0945,100
88.95,3.6,470.946,72.0945,100
89,3.6,470.946,72.0945,100
89.05,3.6,470.946,72.0945,100
89.1,3.6,470.946,72.0945,100
89.15,3.6,470.946,72.0945,100
89.2,3.6,470.946,72.0945,100
89.25,3.6,470.946,72.0945,100
89.3,3.6,470.946,72.0945,100
89.35,3.6,470.946,72.0945,100
89.4,3.6,470.946,72.0945,100
89.45,3.6,470.946,72.0945,100
89.5,3.6,470.946,72.0945,100
89.55,3.6,470.946,72.0945,100
89.6,3.6,470.946,72.0945,100
89.65,3.6,470.946,72.0945,100
89.7,3.6,470.946,72.0945,100
89.75,3.6,470.946,72.0945,100
89.8,3.6,470.946,72.0945,100
89.85,3.6,470.946,72.0945,100
89.9,3.6,470.946,72.0945,100
89.95,3.6,470.946,72.0945,100
90,3.6,470.946,72.0945,100
90.05,3.6,470.946,72.0946,100
90.1,3.6,470.946,72.0946,100
90.15,3.6,470.946,72.0946,100
90.2,3.6,470.946,72.0946,100
90.25,3.6,470.946,72.0946,100
90.3,3.6,470.946,72.0946,100
90.35,3.6,470.946,72.0946,100
90.4,3.6,470.946,72.0946,100
90.45,3.6,470.946,72.0946,100
90.5,3.6,470.946,72.0946,100
90.55,3.6,470.946,72.0946,100
90.6,3.6,470.946,72.0946,100
90.65,3.6,470.946,72.0946,100
90.7,3.6,470.946,72.0946,100
90.75,3.6,470.946,72.0946,100
90.8,3.6,470.946,72.0946,100
90.85,3.6,470.946,72.0946,100
90.9,3.6,470.946,72.0946,100
90.95,3.6,470.946,72.0946,100
91,3.6,470.946,72.0946,100
91.05,3.6,470.946,72.0946,100
91.1,3.6,470.946,72.0946,100
91.15,3.6,470.946,72.0946,100
91.2,3.6,470.946,72.0946,100
91.25,3.6,470.946,72.0946,100
91.3,3.6,470.946,72.0946,100
91.35,3.6,470.946,72.0946,100
91.4,3.6,470.946,72.0946,100
91.45,3.6,470.946,72.0946,100
91.5,3.6,470.946,72.0946,100
91.55,3.6,470.946,72.0946,100
91.6,3.6,470.946,72.0946,100
91.65,3.6,470.946,72.0946,100
91.7,3.6,470.946,72.0946,100
91.75,3.6,470.946,72.0946,100
91.8,3.6,470.946,72.0946,100
91.85,3.6,470.946,72.0946,100
91.9,3.6,470.946,72.0946,100
91.95,3.6,470.946,72.0946,100
92,3.6,470.946,72.0946,100
92.05,3.6,470.946,72.0946,100
92.1,3.6,470.946,72.0946,100
92.15,3.6,470.946,72.0946,100
92.2,3.6,470.946,72.0946,100
92.25,3.6,470.946,72.0946,100
92.3,3.6,470.946,72.0946,100
92.35,3.6,470.946,72.0946,100
92.4,3.6,470.946,72.0946,100
92.45,3.6,470.946,72.0946,100
92.5,3.6,470.946,72.0946,100
92.55,3.6,470.946,72.0946,100
92.6,3.6,470.946,72.0946,100
92.65,3.6,470.946,72.0946,100
92.7,3.6,470.946,72.0946,100
92.75,3.6,470.946,72.0946,100
92.8,3.6,470.946,72.0946,100
92.85,3.6,470.946,72.0946,100
92.9,3.6,470.946,72.0946,100
92.95,3.6,470.946,72.0946,100
93,3.6,470.946,72.0946,100
93.05,3.6,470.946,72.0946,100
93.1,3.6,470.946,72.0946,100
93.15,3.6,470.946,72.0946,100
93.2,3.6,470.946,72.0946,100
93.25,3.6,470.946,72.0946,100
93.3,3.6,470.946,72.0946,100
93.35,3.6,470.946,72.0946,100
93.4,3.6,470.946,72.0946,100
93.45,3.6,470.946,72.0946,100
93.5,3.6,470.946,72.0946,100
93.55,3.6,470.946,72.0946,100
93.6,3.6,470.946,72.0946,100
93.65,3.6,470.946,72.0946,100
93.7,3.6,470.946,72.0946,100
93.75,3.6,470.946,72.0946,100
93.8,3.6,470.946,72.0946,100
93.85,3.6,470.946,72.0946,100
93.9,3.6,470.946,72.0946,100
93.95,3.6,470.946,72.0946,100
94,3.6,470.946,72.0946,100
94.05,3.6,470.946,72.0946,100
94.1,3.6,470.946,72.0946,100
94.15,3.6,470.946,72.0946,100
94.2,3.6,470.946,72.0946,100
94.25,3.6,470.946,72.0946,100
94.3,3.6,470.946,72.0946,100
94.35,3.6,470.946,72.0946,100
94.4,3.6,470.946,72.0946,100
94.45,3.6,470.946,72.0946,100
94.5,3.6,470.946,72.0946,100
94.55,3.6,470.946,72.0946,100
94.6,3.6,470.946,72.0946,100
94.65,3.6,470.946,72.0946,100
94.7,3.6,470.946,72.0946,100
94.75,3.6,470.946,72.0946,100
94.8,3.6,470.946,72.0946,100
94.85,3.6,470.946,72.0946,100
94.9,3.6,470.946,72.0946,100
94.95,3.6,470.946,72.0946,100
95,3.6,470.946,72.0946,100
95.05,3.6,470.946,72.0946,100
95.1,3.6,470.946,72.0946,100
95.15,3.6,470.946,72.0946,100
95.2,3.6,470.946,72.0946,100
95.25,3.6,470.946,72.0946,100
95.3,3.6,470.946,72.0946,100
95.35,3.6,470.946,72.0946,100
95.4,3.6,470.946,72.0946,100
95.45,3.6,470.946,72.0946,100
95.5,3.6,470.946,72.0946,100
95.55,3.6,470.946,72.0946,100
95.6,3.6,470.946,72.0946,100
95.65,3.6,470.946,72.0946,100
95.7,3.6,470.946,72.0946,100
95.75,3.6,470.946,72.0946,100
95.8,3.6,470.946,72.0946,100
95.85,3.6,470.946,72.0946,100
95.9,3.6,470.946,72.0946,100
95.95,3.6,470.946,72.0946,100
96,3.6,470.946,72.0946,100
96.05,3.6,470.946,72.0946,100
96.1,3.6,470.946,72.0946,100
96.15,3.6,470.946,72.0946,100
96.2,3.6,470.946,72.0946,100
96.25,3.6,470.946,72.0946,100
96.3,3.6,470.946,72.0946,100
96.35,3.6,470.946,72.0946,100
96.4,3.6,470.946,72.0946,100
96.45,3.6,470.946,72.0946,100
96.5,3.6,470.946,72.0946,100
96.55,3.6,470.946,72.0946,100
96.6,3.6,470.946,72.0946,100
96.65,3.6,470.946,72.0946,100
96.7,3.6,470.946,72.0946,100
96.75,3.6,470.946,72.0946,100
96.8,3.6,470.946,72.0946,100
96.85,3.6,470.946,72.0946,100
96.9,3.6,470.946,72.0946,100
96.95,3.6,470.946,72.0946,100
97,3.6,470.946,72.0946,100
97.05,3.6,470.946,72.0946,100
97.1,3.6,470.946,72.0946,100
97.15,3.6,470.946,72.0946,100
97.2,3.6,470.946,72.0946,100
97.25,3.6,470.946,72.0946,100
97.3,3.6,470.946,72.0946,100
97.35,3.6,470.946,72.0946,100
97.4,3.6,470.946,72.0946,100
97.45,3.6,470.946,72.0946,100
97.5,3.6,470.946,72.0946,100
97.55,3.6,470.946,72.0946,100
97.6,3.6,470.946,72.0946,100
97.65,3.6,470.946,72.0946,100
97.7,3.6,470.946,72.0946,100
97.75,3.6,470.946,72.0946,100
97.8,3.6,470.946,72.0946,100
97.85,3.6,470.946,72.0946,100
97.9,3.6,470.946,72.0946,100
97.95,3.6,470.946,72.0946,100
98,3.6,470.946,72.0946,100
98.05,3.6,470.946,72.0946,100
98.1,3.6,470.946,72.0946,100
98.15,3.6,470.946,72.0946,100
98.2,3.6,470.946,72.0946,100
98.25,3.6,470.946,72.0946,100
98.3,3.6,470.946,72.0946,100
98.35,3.6,470.946,72.0946,100
98.4,3.6,470.946,72.0946,100
98.45,3.6,470.946,72.0946,100
98.5,3.6,470.946,72.0946,100
98.55,3.6,470.946,72.0946,100
98.6,3.6,470.946,72.0946,100
98.65,3.6,470.946,72.0946,100
98.7,3.6,470.946,72.0946,100
98.75,3.6,470.946,72.0946,100
98.8,3.6,470.946,72.0946,100
98.85,3.6,470.946,72.0946,100
98.9,3.6,470.946,72.0946,100
98.95,3.6,470.946,72.0946,100
99,3.6,470.946,72.0946,100
99.05,3.6,470.946,72.0946,100
99.1,3.6,470.946,72.0946,100
99.15,3.6,470.946,72.0946,100
99.2,3.6,470.946,72.0946,100
99.25,3.6,470.946,72.0946,100
99.3,3.6,470.946,72.0946,100
99.35,3.6,470.946,72.0946,100
99.4,3.6,470.946,72.0946,100
99.45,3.6,470.946,72.0946,100
99.5,3.6,470.946,72.0946,100
99.55,3.6,470.946,72.0946,100
99.6,3.6,470.946,72.0946,100
99.65,3.6,470.946,72.0946,100
99.7,3.6,470.946,72.0946,100
99.75,3.6,470.946,72.0946,100
99.8,3.6,470.946,72.0946,100
99.85,3.6,470.946,72.0946,100
99.9,3.6,470.946,72.0946,100
99.95,3.6,470.946,72.0946,100
100,3.6,470.946,72.0946,100
